<T3DataStructure>
        <meta>
                <langDisable>1</langDisable>
        </meta>
        <sheets>
                <sDEF>
					<ROOT>
						<TCEforms>
								<sheetTitle>LLL:EXT:sdb_adminer/Resources/Private/Language/locallang.xlf:tx_sdbadminer.flexform.sheet.1</sheetTitle>
								<sheetDescription>LLL:EXT:sdb_adminer/Resources/Private/Language/locallang.xlf:tx_sdbadminer.flexform.sheet_description.1</sheetDescription>
								<sheetShortDescr>LLL:EXT:sdb_adminer/Resources/Private/Language/locallang.xlf:tx_sdbadminer.flexform.sheet_shortdescription.1</sheetShortDescr>
						</TCEforms>
						<type>array</type>
						<el>
							<settings.dbname>
								<TCEforms>
										<label>LLL:EXT:sdb_adminer/Resources/Private/Language/locallang.xlf:tx_sdbadminer.flexform.dbname</label>
										<onChange>reload</onChange>
										<config>
												<type>select</type>
												<itemsProcFunc>tx_sdbadminer_addFieldsToFlexForm->addOptions_dbnames</itemsProcFunc>
										</config>
								</TCEforms>
							</settings.dbname>
							<settings.tablename>
								<TCEforms>
										<label>LLL:EXT:sdb_adminer/Resources/Private/Language/locallang.xlf:tx_sdbadminer.flexform.tablename</label>
										<onChange>reload</onChange>
										<config>
												<type>select</type>
												<eval>required</eval>
												<items type="array">
														<numIndex index="0" type="array">
																<numIndex index="0">LLL:EXT:sdb_adminer/Resources/Private/Language/locallang.xlf:tx_sdbadminer.flexform.tablename.sel_0</numIndex>
																<numIndex index="1"></numIndex>
														</numIndex>
												</items>
												<itemsProcFunc>tx_sdbadminer_addFieldsToFlexForm->addOptions_tablenames_viewnames</itemsProcFunc>
										</config>
								</TCEforms>
							</settings.tablename>
							<settings.searchform>
								<TCEforms>
										<label>LLL:EXT:sdb_adminer/Resources/Private/Language/locallang.xlf:tx_sdbadminer.flexform.searchform</label>
										<onChange>reload</onChange>
										<displayCond>FIELD:settings.tablename:REQ:true</displayCond>
										<config>
												<type>select</type>
												<default>0</default>
												<items type="array">
														<numIndex index="0" type="array">
																<numIndex index="0">LLL:EXT:sdb_adminer/Resources/Private/Language/locallang.xlf:tx_sdbadminer.flexform.searchform.sel.0</numIndex>
																<numIndex index="1">0</numIndex>
														</numIndex>
														<numIndex index="1" type="array">
																<numIndex index="0">LLL:EXT:sdb_adminer/Resources/Private/Language/locallang.xlf:tx_sdbadminer.flexform.searchform.sel.1</numIndex>
																<numIndex index="1">1</numIndex>
														</numIndex>
														<numIndex index="2" type="array">
																<numIndex index="0">LLL:EXT:sdb_adminer/Resources/Private/Language/locallang.xlf:tx_sdbadminer.flexform.searchform.sel.2</numIndex>
																<numIndex index="1">2</numIndex>
														</numIndex>
												</items>
										</config>
								</TCEforms>
							</settings.searchform>
							<settings.mincharstosearch>
								<TCEforms>
										<label>LLL:EXT:sdb_adminer/Resources/Private/Language/locallang.xlf:tx_sdbadminer.flexform.mincharstosearch</label>
										<displayCond>
											<AND>
												<numIndex index="1">FIELD:settings.searchform:=:1</numIndex>
												<numIndex index="2">FIELD:settings.tablename:REQ:true</numIndex>
											</AND>
										</displayCond>
										<config>
												<type>select</type>
												<default>2</default>
												<items type="array">
														<numIndex index="0" type="array">
																<numIndex index="0">LLL:EXT:sdb_adminer/Resources/Private/Language/locallang.xlf:tx_sdbadminer.flexform.mincharstosearch.sel.0</numIndex>
																<numIndex index="1">0</numIndex>
														</numIndex>
														<numIndex index="1" type="array">
																<numIndex index="0">LLL:EXT:sdb_adminer/Resources/Private/Language/locallang.xlf:tx_sdbadminer.flexform.mincharstosearch.sel.1</numIndex>
																<numIndex index="1">1</numIndex>
														</numIndex>
														<numIndex index="2" type="array">
																<numIndex index="0">LLL:EXT:sdb_adminer/Resources/Private/Language/locallang.xlf:tx_sdbadminer.flexform.mincharstosearch.sel.2</numIndex>
																<numIndex index="1">2</numIndex>
														</numIndex>
														<numIndex index="3" type="array">
																<numIndex index="0">LLL:EXT:sdb_adminer/Resources/Private/Language/locallang.xlf:tx_sdbadminer.flexform.mincharstosearch.sel.3</numIndex>
																<numIndex index="1">3</numIndex>
														</numIndex>
														<numIndex index="4" type="array">
																<numIndex index="0">LLL:EXT:sdb_adminer/Resources/Private/Language/locallang.xlf:tx_sdbadminer.flexform.mincharstosearch.sel.4</numIndex>
																<numIndex index="1">4</numIndex>
														</numIndex>
														<numIndex index="5" type="array">
																<numIndex index="0">LLL:EXT:sdb_adminer/Resources/Private/Language/locallang.xlf:tx_sdbadminer.flexform.mincharstosearch.sel.5</numIndex>
																<numIndex index="1">5</numIndex>
														</numIndex>
												</items>
										</config>
								</TCEforms>
							</settings.mincharstosearch>
							<settings.includeinsearch>
								<TCEforms>
										<label>LLL:EXT:sdb_adminer/Resources/Private/Language/locallang.xlf:tx_sdbadminer.flexform.includeinsearch</label>
										<displayCond>
											<AND>
												<numIndex index="1">FIELD:settings.searchform:=:1</numIndex>
												<numIndex index="2">FIELD:settings.tablename:REQ:true</numIndex>
											</AND>
										</displayCond>
										<config>
												<type>select</type>
												<renderType>selectMultipleSideBySide</renderType>
												<itemsProcFunc>tx_sdbadminer_addFieldsToFlexForm->addOptions_fieldnames_include_primary</itemsProcFunc>
										</config>
								</TCEforms>
							</settings.includeinsearch>
							<settings.ownkey>
								<TCEforms>
										<label>LLL:EXT:sdb_adminer/Resources/Private/Language/locallang.xlf:tx_sdbadminer.flexform.ownkey</label>
										<displayCond>
											<AND>
												<numIndex index="0">FIELD:settings.searchform:=:2</numIndex>
												<numIndex index="1">FIELD:settings.tablename:REQ:true</numIndex>
											</AND>
										</displayCond>
										<config>
												<type>select</type>
												<itemsProcFunc>tx_sdbadminer_addFieldsToFlexForm->addOptions_fieldnames_include_primary</itemsProcFunc>
										</config>
								</TCEforms>
							</settings.ownkey>
							<settings.foreignkey>
								<TCEforms>
										<label>LLL:EXT:sdb_adminer/Resources/Private/Language/locallang.xlf:tx_sdbadminer.flexform.foreignkey</label>
										<displayCond>
											<AND>
												<numIndex index="0">FIELD:settings.searchform:=:2</numIndex>
												<numIndex index="1">FIELD:settings.tablename:REQ:true</numIndex>
											</AND>
										</displayCond>
										<config>
												<type>input</type>
												<size>10</size>
												<eval>required</eval>
										</config>
								</TCEforms>
							</settings.foreignkey>
							<settings.extendwhere>
								<TCEforms>
										<label>LLL:EXT:sdb_adminer/Resources/Private/Language/locallang.xlf:tx_sdbadminer.flexform.extendwhere</label>
										<onChange>reload</onChange>
										<displayCond>
											<AND>
                                                <numIndex index="0"><![CDATA[FIELD:settings.searchform:>=:1]]></numIndex>
												<numIndex index="1">FIELD:settings.tablename:REQ:true</numIndex>
											</AND>
										</displayCond>
										<config>
												<type>check</type>
												<value>1</value>
										</config>
								</TCEforms>
							</settings.extendwhere>
							<settings.whereclauses>
								<TCEforms>
										<label>LLL:EXT:sdb_adminer/Resources/Private/Language/locallang.xlf:tx_sdbadminer.flexform.whereclauses</label>
										<onChange>reload</onChange>
										<displayCond>
											<AND>
                                                <numIndex index="0"><![CDATA[FIELD:settings.searchform:>=:1]]></numIndex>
												<numIndex index="1">FIELD:settings.tablename:REQ:true</numIndex>
												<numIndex index="2">FIELD:settings.extendwhere:REQ:true</numIndex>
											</AND>
										</displayCond>
										<config>
												<type>input</type>
												<size>50</size>
												<eval>required</eval>
										</config>
								</TCEforms>
							</settings.whereclauses>
							<settings.linkfields>
								<TCEforms>
										<label>LLL:EXT:sdb_adminer/Resources/Private/Language/locallang.xlf:tx_sdbadminer.flexform.linkfields</label>
										<displayCond>FIELD:settings.tablename:REQ:true</displayCond>
										<config>
												<type>select</type>
												<renderType>selectMultipleSideBySide</renderType>
												<itemsProcFunc>tx_sdbadminer_addFieldsToFlexForm->addOptions_fieldnames_include_primary</itemsProcFunc>
										</config>
								</TCEforms>
							</settings.linkfields>
							<settings.topage>
								<TCEforms>
										<label>LLL:EXT:sdb_adminer/Resources/Private/Language/locallang.xlf:tx_sdbadminer.flexform.topage</label>
										<config>
											<type>group</type>
											<internal_type>db</internal_type>
											<allowed>tt_content</allowed>
											<size>1</size>
											<maxitems>1</maxitems>
											<minitems>0</minitems>
											<show_thumbs>1</show_thumbs>
										</config>
								</TCEforms>
							</settings.topage>
						</el>
                     </ROOT>
                </sDEF>
                <display>
                     <ROOT>
						<TCEforms>
								<sheetTitle>LLL:EXT:sdb_adminer/Resources/Private/Language/locallang.xlf:tx_sdbadminer.flexform.sheet.2</sheetTitle>
								<sheetDescription>LLL:EXT:sdb_adminer/Resources/Private/Language/locallang.xlf:tx_sdbadminer.flexform.sheet_description.2</sheetDescription>
								<sheetShortDescr>LLL:EXT:sdb_adminer/Resources/Private/Language/locallang.xlf:tx_sdbadminer.flexform.sheet_shortdescription.2</sheetShortDescr>
						</TCEforms>
						<type>array</type>
						<el>
							<settings.pagetype>
									<TCEforms>
											<label>LLL:EXT:sdb_adminer/Resources/Private/Language/locallang.xlf:tx_sdbadminer.flexform.pagetype</label>
											<onChange>reload</onChange>
											<config>
													<type>select</type>
													<default>0</default>
													<items type="array">
															<numIndex index="0" type="array">
																	<numIndex index="0">LLL:EXT:sdb_adminer/Resources/Private/Language/locallang.xlf:tx_sdbadminer.flexform.page.0</numIndex>
																	<numIndex index="1">0</numIndex>
															</numIndex>
															<numIndex index="1" type="array">
																	<numIndex index="0">LLL:EXT:sdb_adminer/Resources/Private/Language/locallang.xlf:tx_sdbadminer.flexform.page.1</numIndex>
																	<numIndex index="1">1</numIndex>
															</numIndex>
															<numIndex index="2" type="array">
																	<numIndex index="0">LLL:EXT:sdb_adminer/Resources/Private/Language/locallang.xlf:tx_sdbadminer.flexform.page.2</numIndex>
																	<numIndex index="1">2</numIndex>
															</numIndex>
													</items>
													<minitems>0</minitems>
													<maxitems>1</maxitems>
											</config>
									</TCEforms>
							</settings.pagetype>
							<settings.templating>
									<TCEforms>
											<label>LLL:EXT:sdb_adminer/Resources/Private/Language/locallang.xlf:tx_sdbadminer.flexform.templating</label>
											<onChange>reload</onChange>
											<displayCond>
												<OR>
													<numIndex index="0">FIELD:settings.pagetype:=:0</numIndex>
													<numIndex index="1">FIELD:settings.pagetype:=:1</numIndex>
												</OR>
											</displayCond>
										<config>
												<type>check</type>
												<value>1</value>
												<default>0</default>
										</config>
									</TCEforms>
							</settings.templating>
							<settings.leadtext>
								<TCEforms>
										<label> Leittext HTML (optional) </label>
										<displayCond>
											<OR>
												<AND>
													<numIndex index="0">FIELD:settings.pagetype:=:0</numIndex>
													<numIndex index="1">FIELD:settings.templating:=:0</numIndex>
												</AND>
												<OR>
													<AND>
														<numIndex index="0">FIELD:settings.pagetype:=:1</numIndex>
														<numIndex index="1">FIELD:settings.templating:=:0</numIndex>
													</AND>
													<numIndex>FIELD:settings.pagetype:=:2</numIndex>
												</OR>
											</OR>
										</displayCond>
										<config>
												<type>text</type>
												<cols>40</cols>
												<rows>1</rows>
										</config>
								</TCEforms>
							</settings.leadtext>
							<settings.headrow>
								<TCEforms>
										<label>LLL:EXT:sdb_adminer/Resources/Private/Language/locallang.xlf:tx_sdbadminer.flexform.headrow</label>
										<displayCond>
											<AND>
												<numIndex index="0">FIELD:settings.pagetype:=:0</numIndex>
												<numIndex index="1">FIELD:settings.templating:=:1</numIndex>
											</AND>
										</displayCond>
										<config>
												<type>text</type>
												<cols>40</cols>
												<rows>1</rows>
										</config>
								</TCEforms>
							</settings.headrow>
							<settings.mainrow>
								<TCEforms>
										<label>LLL:EXT:sdb_adminer/Resources/Private/Language/locallang.xlf:tx_sdbadminer.flexform.mainrow</label>
										<displayCond>
											<AND>
												<numIndex index="0">FIELD:settings.pagetype:=:0</numIndex>
												<numIndex index="1">FIELD:settings.templating:=:1</numIndex>
											</AND>
										</displayCond>
										<config>
												<type>text</type>
												<cols>40</cols>
												<rows>1</rows>
										</config>
								</TCEforms>
							</settings.mainrow>
							<settings.footrow>
								<TCEforms>
										<label>LLL:EXT:sdb_adminer/Resources/Private/Language/locallang.xlf:tx_sdbadminer.flexform.footrow</label>
										<displayCond>
											<AND>
												<numIndex index="0">FIELD:settings.pagetype:=:0</numIndex>
												<numIndex index="1">FIELD:settings.templating:=:1</numIndex>
											</AND>
										</displayCond>
										<config>
												<type>text</type>
												<cols>40</cols>
												<rows>1</rows>
										</config>
								</TCEforms>
							</settings.footrow>
							<settings.fieldsdisplay>
								<TCEforms>
										<label>LLL:EXT:sdb_adminer/Resources/Private/Language/locallang.xlf:tx_sdbadminer.flexform.fieldsdisplay</label>
										<displayCond>
											<OR>
												<AND>
													<numIndex index="0">FIELD:settings.pagetype:=:0</numIndex>
													<numIndex index="1">FIELD:settings.templating:=:0</numIndex>
												</AND>
												<OR>
													<AND>
														<numIndex index="0">FIELD:settings.pagetype:=:1</numIndex>
														<numIndex index="1">FIELD:settings.templating:=:0</numIndex>
													</AND>
													<numIndex>FIELD:settings.pagetype:=:2</numIndex>
												</OR>
											</OR>
										</displayCond>
										<config>
												<type>select</type>
												<renderType>selectMultipleSideBySide</renderType>
												<itemsProcFunc>tx_sdbadminer_addFieldsToFlexForm->addOptions_fieldnames_include_primary</itemsProcFunc>
										</config>
								</TCEforms>
							</settings.fieldsdisplay>
							<settings.rowsdisplay>
								<TCEforms>
										<label>LLL:EXT:sdb_adminer/Resources/Private/Language/locallang.xlf:tx_sdbadminer.flexform.rowsdisplay</label>
										<displayCond>
											<AND>
												<numIndex index="0">FIELD:settings.pagetype:=:0</numIndex>
												<numIndex index="1">FIELD:settings.templating:=:0</numIndex>
											</AND>
										</displayCond>
										<config>
												<type>input</type>
												<size>20</size>
												<default>5,10,15,20,25,30,50,100</default>
										</config>
								</TCEforms>
							</settings.rowsdisplay>
							<settings.pager>
								<TCEforms>
										<label>LLL:EXT:sdb_adminer/Resources/Private/Language/locallang.xlf:tx_sdbadminer.flexform.pager</label>
										<displayCond>
											<AND>
												<numIndex index="0">FIELD:settings.pagetype:=:1</numIndex>
												<numIndex index="1">FIELD:settings.templating:=:1</numIndex>
											</AND>
										</displayCond>
										<config>
												<type>input</type>
												<size>20</size>
										</config>
								</TCEforms>
							</settings.pager>
							<settings.template>
								<TCEforms>
										<label>LLL:EXT:sdb_adminer/Resources/Private/Language/locallang.xlf:tx_sdbadminer.flexform.template</label>
										<displayCond>
											<AND>
												<numIndex index="0">FIELD:settings.pagetype:=:1</numIndex>
												<numIndex index="1">FIELD:settings.templating:=:1</numIndex>
											</AND>
										</displayCond>
										<config>
												<type>text</type>
												<cols>40</cols>
												<rows>10</rows>
										</config>
								</TCEforms>
							</settings.template>
						</el>
                     </ROOT>
                </display>
                <additionalcss>
                     <ROOT>
						<TCEforms>
								<sheetTitle>LLL:EXT:sdb_adminer/Resources/Private/Language/locallang.xlf:tx_sdbadminer.flexform.sheet.3</sheetTitle>
								<sheetDescription>LLL:EXT:sdb_adminer/Resources/Private/Language/locallang.xlf:tx_sdbadminer.flexform.sheet_description.3</sheetDescription>
								<sheetShortDescr>LLL:EXT:sdb_adminer/Resources/Private/Language/locallang.xlf:tx_sdbadminer.flexform.sheet_shortdescription.3</sheetShortDescr>
						</TCEforms>
						<type>array</type>
						<el>
							<settings.downloadbutton>
								<TCEforms>
										<label>LLL:EXT:sdb_adminer/Resources/Private/Language/locallang.xlf:tx_sdbadminer.flexform.downloadbutton</label>
										<config>
												<type>check</type>
												<value>1</value>
										</config>
								</TCEforms>
							</settings.downloadbutton>
							<settings.css>
								<TCEforms>
										<label>LLL:EXT:sdb_adminer/Resources/Private/Language/locallang.xlf:tx_sdbadminer.flexform.css</label>
										<config>
												<type>text</type>
												<cols>40</cols>
												<rows>10</rows>
										</config>
								</TCEforms>
							</settings.css>
							<settings.debugprint>
								<TCEforms>
										<label>LLL:EXT:sdb_adminer/Resources/Private/Language/locallang.xlf:tx_sdbadminer.flexform.debug</label>
										<config>
												<type>check</type>
												<value>1</value>
										</config>
								</TCEforms>
							</settings.debugprint>
						</el>
                     </ROOT>
                </additionalcss>
        </sheets>
</T3DataStructure>
