<T3DataStructure>
        <meta>
                <langDisable>1</langDisable>
        </meta>
        <sheets>
                <sDEF>
					<ROOT>
						<TCEforms>
								<sheetTitle>LLL:EXT:sdb_adminer/Resources/Private/Language/locallang.xlf:tx_sdbadminer.flexformEdit.sheet.1</sheetTitle>
								<sheetDescription>LLL:EXT:sdb_adminer/Resources/Private/Language/locallang.xlf:tx_sdbadminer.flexformEdit.sheet_description.1</sheetDescription>
								<sheetShortDescr>LLL:EXT:sdb_adminer/Resources/Private/Language/locallang.xlf:tx_sdbadminer.flexformEdit.sheet_shortdescription.1</sheetShortDescr>
						</TCEforms>
						<type>array</type>
						<el>
							<settings.dbname>
								<TCEforms>
										<label>LLL:EXT:sdb_adminer/Resources/Private/Language/locallang.xlf:tx_sdbadminer.flexform.dbname</label>
										<onChange>reload</onChange>
										<config>
												<type>select</type>
												<itemsProcFunc>tx_sdbadminer_addFieldsToFlexForm->addOptions_dbnames</itemsProcFunc>
										</config>
								</TCEforms>
							</settings.dbname>
							<settings.allpossibletables>
								<TCEforms>
										<label>LLL:EXT:sdb_adminer/Resources/Private/Language/locallang.xlf:tx_sdbadminer.flexformEdlist.allpossibletables</label>
										<onChange>reload</onChange>
										<config>
												<type>check</type>
												<value>1</value>
										</config>
								</TCEforms>
							</settings.allpossibletables>
							<settings.edittables>
								<TCEforms>
										<label>LLL:EXT:sdb_adminer/Resources/Private/Language/locallang.xlf:tx_sdbadminer.flexformEdlist.edittables</label>
										<displayCond>
											<AND>
												<numIndex index="0">FIELD:settings.dbname:REQ:true</numIndex>
												<numIndex index="1">FIELD:settings.allpossibletables:REQ:false</numIndex>
											</AND>
										</displayCond>
										<config>
												<type>select</type>
												<renderType>selectMultipleSideBySide</renderType>
												<itemsProcFunc>tx_sdbadminer_addFieldsToFlexForm->addOptions_tablenames_only</itemsProcFunc>
										</config>
								</TCEforms>
							</settings.edittables>
							<settings.maxsize>
								<TCEforms>
										<label>LLL:EXT:sdb_adminer/Resources/Private/Language/locallang.xlf:tx_sdbadminer.flexformEdlist.maxsize</label>
										<displayCond>FIELD:settings.dbname:REQ:true</displayCond>
										<config>
												<type>input</type>
												<size>1</size>
												<default>0</default>
										</config>
								</TCEforms>
							</settings.maxsize>
						</el>
                     </ROOT>
                </sDEF>
        </sheets>
</T3DataStructure>
